Number,Files,Title
,,Network Configuration Access Control Model
,,The JavaScript Object Notation (JSON) Data Interchange Format
,,Path MTU Discovery for IP version 6
,,"Internet Protocol, Version 6 (IPv6) Specification"
,,Message Disposition Notification
,,Pseudowire Setup and Maintenance Using the Label Distribution Protocol (LDP)
,,Protocol Independent Multicast - Sparse Mode (PIM-SM): Protocol Specification (Revised)
,,A One-Way Loss Metric for IP Performance Metrics (IPPM)
,,A One-Way Delay Metric for IP Performance Metrics (IPPM)
,,Internet Key Exchange Protocol Version 2 (IKEv2)
,,Specification of the IP Flow Information Export (IPFIX) Protocol for the Exchange of Flow Information
,,Extension Mechanisms for DNS (EDNS(0))
,,The Multipart/Report Media Type for the Reporting of Mail System Administrative Messages
,,Message Submission for Mail
,,DomainKeys Identified Mail (DKIM) Signatures
,,Transport Layer Security (TLS) Transport Model for the Simple Network Management Protocol (SNMP)
,,SMTP Service Extension for 8-bit MIME Transport
,,Extensible Provisioning Protocol (EPP) Transport over TCP
,,Extensible Provisioning Protocol (EPP) Contact Mapping
,,Extensible Provisioning Protocol (EPP) Host Mapping
,,Extensible Provisioning Protocol (EPP) Domain Name Mapping
,,Extensible Provisioning Protocol (EPP)
,,Cryptographic Message Syntax (CMS)
,,Transport Security Model for the Simple Network Management Protocol (SNMP)
,,Transport Subsystem for the Simple Network Management Protocol (SNMP)
,,Simple Network Management Protocol (SNMP) Context EngineID Discovery
,,Augmented BNF for Syntax Specifications: ABNF
,,Automated Updates of DNS Security (DNSSEC) Trust Anchors
,,XDR: External Data Representation Standard
,,Internet Control Message Protocol (ICMPv6) for the Internet Protocol Version 6 (IPv6) Specification
,,Uniform Resource Identifier (URI): Generic Syntax 
,," UTF-8, a transformation format of ISO 10646 "
,,DNS Extensions to Support IP Version 6 
,, RTP Profile for Audio and Video Conferences with Minimal Control 
